{
  "best_params": {
    "svm__C": 10,
    "svm__class_weight": "balanced",
    "svm__gamma": 0.01
  },
  "best_score": 0.8452352392376383,
  "cv_results": {
    "mean_test_score": [
      0.798000799680128,
      0.7801679328268692,
      0.7947354391576702,
      0.798000799680128,
      0.6008263361322138,
      0.798000799680128,
      0.7801679328268692,
      0.7947354391576702,
      0.798000799680128,
      0.6008263361322138,
      0.8419432227109155,
      0.78984406237505,
      0.8256697321071572,
      0.8419432227109155,
      0.7751832600293216,
      0.8419432227109155,
      0.78984406237505,
      0.8256697321071572,
      0.8419432227109155,
      0.7751832600293216,
      0.8273224043715846,
      0.8191656670665068,
      0.8452352392376383,
      0.8256963881114221,
      0.7702918832467013,
      0.8273224043715846,
      0.8191656670665068,
      0.8452352392376383,
      0.8256963881114221,
      0.7702918832467013,
      0.7800746368119419,
      0.8354125016660003,
      0.8370918299346928,
      0.7784486205517793,
      0.7702918832467013,
      0.7800746368119419,
      0.8354125016660003,
      0.8370918299346928,
      0.7784486205517793,
      0.7702918832467013
    ],
    "std_test_score": [
      0.019345832683953523,
      0.030604250587419397,
      0.0226044802197036,
      0.019345832683953523,
      0.06453186860979057,
      0.019345832683953523,
      0.030604250587419397,
      0.0226044802197036,
      0.019345832683953523,
      0.06453186860979057,
      0.029878170474248514,
      0.023256565554918895,
      0.022763353658146114,
      0.029878170474248514,
      0.020426814525523387,
      0.029878170474248514,
      0.023256565554918895,
      0.022763353658146114,
      0.029878170474248514,
      0.020426814525523387,
      0.01778708646808437,
      0.02254716678403663,
      0.032338512441723755,
      0.017151932243447843,
      0.0255691390292771,
      0.01778708646808437,
      0.02254716678403663,
      0.032338512441723755,
      0.017151932243447843,
      0.0255691390292771,
      0.026240003253210253,
      0.032893995288621976,
      0.017497469013450794,
      0.026911134109091895,
      0.0255691390292771,
      0.026240003253210253,
      0.032893995288621976,
      0.017497469013450794,
      0.026911134109091895,
      0.0255691390292771
    ]
  }
}